<!--
Copyright 2018 Ellis Clayton

Licensed under the Apache License, Version 2.0 (the "License");
you may not use this file except in compliance with the License.
You may obtain a copy of the License at

    http://www.apache.org/licenses/LICENSE-2.0

Unless required by applicable law or agreed to in writing, software
distributed under the License is distributed on an "AS IS" BASIS,
WITHOUT WARRANTIES OR CONDITIONS OF ANY KIND, either express or implied.
See the License for the specific language governing permissions and
limitations under the License.
-->
<?xml version="1.0" encoding="UTF-8" standalone="yes"?>
<theme version="1.2">
    <description>Material HBC Theme</description>
    	<font target="label,memo,appdesc">
                <file>Roboto-Regular.ttf</file>
                <size>16</size>
                <color>
                	<red>0</red>
                	<green>0</green>
                	<blue>0</blue>
                	<alpha>255</alpha>
                </color>
        </font>
        <font target="button">
                <file>Roboto-Regular.ttf</file>
                <size>16</size>
                <color>
                	<red>239</red>
                	<green>239</green>
                	<blue>239</blue>
                	<alpha>255</alpha>
                </color>
        </font>
        <font target="button_desel">
                <file>Roboto-Regular.ttf</file>
                <size>16</size>
                <color>
                	<red>239</red>
                	<green>239</green>
                	<blue>239</blue>
                	<alpha>102</alpha>
                </color>
        </font>
        <font target="dlgtitle,appname">
                <file>Roboto-Bold.ttf</file>
                <size>16</size>
                <color>
                	<red>0</red>
                	<green>0</green>
                	<blue>0</blue>
                	<alpha>255</alpha>
                </color>
        </font>
    <progress_gradient>
        <upper_left>
            <red>255</red>
            <green>83</green>
            <blue>13</blue>
            <alpha>255</alpha>
        </upper_left>
        <upper_right>
            <red>255</red>
            <green>83</green>
            <blue>13</blue>
            <alpha>255</alpha>
        </upper_right>
        <lower_left>
            <red>255</red>
            <green>83</green>
            <blue>13</blue>
            <alpha>255</alpha>
        </lower_left>
        <lower_right>
            <red>255</red>
            <green>83</green>
            <blue>13</blue>
            <alpha>255</alpha>
        </lower_right>
    </progress_gradient>
</theme>
